Onset,Offset,Duration,Number of Faces,Gender,Age,Visual-Positive,Visual-Negative,Visual-Beauty
0.00,0.10,0.10,1,Male,31,0.00,0.27,0.43
0.10,0.20,0.10,1,Male,33,0.00,0.23,0.41
0.20,0.30,0.10,1,Male,30,0.00,0.33,0.41
0.30,0.40,0.10,1,Male,28,0.00,0.33,0.40
0.40,0.50,0.10,1,Male,28,0.00,0.93,0.42
0.50,0.60,0.10,1,Male,26,0.01,0.99,0.45
0.60,0.70,0.10,1,Male,30,0.00,0.80,0.45
0.70,0.80,0.10,1,Male,32,0.00,0.10,0.45
0.80,0.90,0.10,1,Male,29,0.00,0.61,0.45
0.90,1.00,0.10,1,Male,29,0.00,0.06,0.47
1.00,1.10,0.10,1,Male,29,0.01,0.26,0.46
1.10,1.20,0.10,1,Male,33,0.00,0.02,0.44
1.20,1.30,0.10,1,Male,33,0.00,0.03,0.42
1.30,1.40,0.10,1,Male,33,0.00,0.02,0.42
1.40,1.50,0.10,1,Male,28,0.00,0.18,0.47
1.50,1.60,0.10,1,Male,28,0.01,0.03,0.44
1.60,1.70,0.10,1,Male,31,0.00,0.00,0.43
1.70,1.80,0.10,1,Male,29,0.00,0.08,0.44
1.80,1.90,0.10,1,Male,29,0.00,0.37,0.44
1.90,2.00,0.10,1,Male,29,0.00,0.00,0.43
2.00,2.10,0.10,1,Male,28,0.00,0.02,0.41
2.10,2.20,0.10,1,Male,30,0.00,0.10,0.43
2.20,2.30,0.10,1,Male,33,0.02,0.03,0.38
2.30,2.40,0.10,1,Male,34,0.02,0.54,0.41
2.40,2.50,0.10,1,Male,32,0.00,0.01,0.41
2.50,2.60,0.10,1,Male,30,0.04,0.75,0.43
2.60,2.70,0.10,1,Male,29,0.01,0.97,0.41
2.70,2.80,0.10,1,Male,30,0.00,0.40,0.47
2.80,2.90,0.10,1,Male,32,0.00,0.30,0.45
2.90,3.00,0.10,1,Male,33,0.00,0.95,0.45
3.00,3.10,0.10,1,Male,30,0.00,0.29,0.44
3.10,3.20,0.10,1,Male,33,0.00,0.18,0.45
3.20,3.30,0.10,1,Male,34,0.00,0.96,0.45
3.30,3.40,0.10,1,Male,32,0.00,0.14,0.46
3.40,3.50,0.10,1,Male,31,0.00,0.11,0.46
3.50,3.60,0.10,1,Male,28,0.00,0.37,0.47
3.60,3.70,0.10,1,Male,31,0.00,0.91,0.47
3.70,3.80,0.10,1,Male,33,0.00,0.18,0.46
3.80,3.90,0.10,1,Male,32,0.00,0.12,0.46
3.90,4.00,0.10,1,Male,34,0.00,0.66,0.46
4.00,4.10,0.10,1,Male,30,0.00,0.92,0.49
4.10,4.20,0.10,1,Male,31,0.00,0.20,0.50
4.20,4.30,0.10,1,Male,32,0.00,0.31,0.49
4.30,4.40,0.10,1,Male,31,0.00,0.91,0.50
4.40,4.50,0.10,1,Male,31,0.00,0.79,0.50
4.50,4.60,0.10,1,Male,29,0.00,0.99,0.49
4.60,4.70,0.10,1,Male,29,0.00,0.93,0.45
4.70,4.80,0.10,1,Male,32,0.01,0.94,0.42
4.80,4.90,0.10,1,Male,28,0.00,0.88,0.43
4.90,5.00,0.10,1,Male,27,0.00,1.00,0.44
5.00,5.10,0.10,1,Male,31,0.00,0.98,0.46
5.10,5.20,0.10,1,Male,25,0.00,0.00,0.47
5.20,5.30,0.10,1,Male,31,0.00,0.01,0.44
5.30,5.40,0.10,1,Male,33,0.00,0.01,0.41
5.40,5.50,0.10,1,Male,37,0.00,0.01,0.42
5.50,5.60,0.10,1,Male,32,0.00,0.01,0.45
5.60,5.70,0.10,1,Male,33,0.00,0.60,0.46
5.70,5.80,0.10,1,Male,31,0.00,0.05,0.46
5.80,5.90,0.10,1,Male,34,0.00,0.69,0.44
5.90,6.00,0.10,1,Male,32,0.00,0.02,0.44
6.00,6.10,0.10,1,Male,34,0.00,0.10,0.45
6.10,6.20,0.10,1,Male,29,0.00,0.78,0.47
6.20,6.30,0.10,1,Male,29,0.00,0.69,0.48
6.30,6.40,0.10,1,Male,30,0.01,0.85,0.46
6.40,6.50,0.10,1,Male,32,0.01,0.97,0.45
6.50,6.60,0.10,1,Male,31,0.00,0.73,0.47
6.60,6.70,0.10,1,Male,32,0.28,0.61,0.40
6.70,6.80,0.10,1,Male,32,0.00,0.19,0.44
6.80,6.90,0.10,1,Male,33,0.00,0.91,0.43
6.90,7.00,0.10,1,Male,35,0.00,0.06,0.43
7.00,7.10,0.10,1,Male,34,0.00,0.34,0.42
7.10,7.20,0.10,1,Male,32,0.00,1.00,0.43
7.20,7.30,0.10,1,Male,34,0.00,0.58,0.46
7.30,7.40,0.10,1,Male,33,0.00,0.01,0.43
7.40,7.50,0.10,1,Male,36,0.06,0.78,0.41
7.50,7.60,0.10,1,Male,35,0.00,0.59,0.43
7.60,7.70,0.10,1,Male,32,0.00,0.00,0.44
7.70,7.80,0.10,1,Male,32,0.00,0.00,0.45
7.80,7.90,0.10,1,Male,34,0.00,0.05,0.48
7.90,8.00,0.10,1,Male,34,0.00,0.31,0.49
8.00,8.10,0.10,1,Male,33,0.00,0.36,0.49
8.10,8.20,0.10,1,Male,33,0.00,0.26,0.50
8.20,8.30,0.10,1,Male,30,0.01,0.80,0.46
8.30,8.40,0.10,1,Male,31,0.02,0.97,0.44
8.40,8.50,0.10,1,Male,33,0.01,0.98,0.46
8.50,8.60,0.10,1,Male,30,0.00,0.24,0.45
8.60,8.70,0.10,1,Male,33,0.00,0.52,0.46
8.70,8.80,0.10,1,Male,30,0.00,0.11,0.44
8.80,8.90,0.10,1,Male,32,0.00,0.05,0.42
8.90,9.00,0.10,1,Male,32,0.00,0.01,0.41
9.00,9.10,0.10,1,Male,40,0.00,0.00,0.38
9.10,9.20,0.10,1,Male,34,0.00,0.64,0.48
9.20,9.30,0.10,1,Male,36,0.00,0.33,0.48
9.30,9.40,0.10,1,Male,34,0.00,0.86,0.49
9.40,9.50,0.10,1,Male,30,0.00,0.02,0.45
9.50,9.60,0.10,1,Male,32,0.00,0.82,0.47
9.60,9.70,0.10,1,Male,30,0.00,0.98,0.48
9.70,9.80,0.10,1,Male,33,0.00,0.97,0.49
9.80,9.90,0.10,1,Male,32,0.00,0.44,0.47
9.90,10.00,0.10,1,Male,33,0.00,0.62,0.46
10.00,10.10,0.10,1,Male,32,0.00,0.20,0.46
10.10,10.20,0.10,1,Male,34,0.00,0.00,0.45
10.20,10.30,0.10,1,Male,27,0.00,0.20,0.48
10.30,10.40,0.10,1,Male,27,0.00,0.29,0.47
10.40,10.50,0.10,1,Male,26,0.00,0.25,0.48
10.50,10.60,0.10,1,Male,29,0.00,0.00,0.42
10.60,10.70,0.10,1,Male,30,0.00,0.55,0.46
10.70,10.80,0.10,1,Male,30,0.00,0.00,0.45
10.80,10.90,0.10,1,Male,28,0.00,0.13,0.45
10.90,11.00,0.10,1,Male,32,0.00,0.70,0.46
11.00,11.10,0.10,1,Male,30,0.00,1.00,0.43
11.10,11.20,0.10,1,Male,35,0.00,0.41,0.44
11.20,11.30,0.10,1,Male,31,0.00,0.01,0.46
11.30,11.40,0.10,1,Male,29,0.00,0.74,0.48
11.40,11.50,0.10,1,Male,30,0.00,0.65,0.49
11.50,11.60,0.10,1,Male,27,0.00,0.79,0.50
11.60,11.70,0.10,1,Male,30,0.00,0.16,0.48
11.70,11.80,0.10,1,Male,34,0.00,0.21,0.49
11.80,11.90,0.10,1,Male,32,0.00,0.02,0.50
11.90,12.00,0.10,1,Male,33,0.00,0.03,0.50
12.00,12.10,0.10,1,Male,33,0.00,0.06,0.50
12.10,12.20,0.10,1,Male,35,0.00,0.68,0.44
12.20,12.30,0.10,1,Male,30,0.00,0.90,0.44
12.30,12.40,0.10,1,Male,34,0.00,0.09,0.41
12.40,12.50,0.10,1,Male,32,0.00,0.99,0.41
12.50,12.60,0.10,1,Male,35,0.00,0.91,0.44
12.60,12.70,0.10,1,Male,31,0.00,0.00,0.42
12.70,12.80,0.10,1,Male,34,0.00,0.00,0.41
12.80,12.90,0.10,1,Male,29,0.00,0.00,0.44
12.90,13.00,0.10,1,Male,30,0.00,0.00,0.43
13.00,13.10,0.10,1,Male,41,0.05,0.65,0.45
13.10,13.20,0.10,1,Male,32,0.05,0.25,0.43
13.20,13.30,0.10,1,Male,31,0.03,0.68,0.46
13.30,13.40,0.10,1,Male,30,0.00,0.02,0.50
13.40,13.50,0.10,1,Male,35,0.00,0.00,0.39
13.50,13.60,0.10,1,Male,36,0.01,0.20,0.43
13.60,13.70,0.10,1,Male,36,0.00,0.14,0.45
13.70,13.80,0.10,1,Male,37,0.01,0.94,0.45
13.80,13.90,0.10,1,Male,36,0.13,0.84,0.43
13.90,14.00,0.10,1,Male,33,0.00,0.77,0.45
14.00,14.10,0.10,1,Male,32,0.00,0.01,0.47
14.10,14.20,0.10,1,Male,33,0.00,0.10,0.47
14.20,14.30,0.10,1,Male,31,0.00,0.71,0.47
14.30,14.40,0.10,1,Male,31,0.00,0.94,0.48
14.40,14.50,0.10,1,Male,31,0.00,0.46,0.50
14.50,14.60,0.10,1,Male,34,0.00,0.00,0.48
14.60,14.70,0.10,1,Male,32,0.01,0.83,0.49
14.70,14.80,0.10,1,Male,28,0.00,0.90,0.48
14.80,14.90,0.10,1,Male,28,0.01,0.82,0.47
14.90,15.00,0.10,1,Male,33,0.00,0.44,0.48
15.00,15.10,0.10,1,Male,31,0.00,0.08,0.47
15.10,15.20,0.10,1,Male,31,0.01,0.06,0.46
15.20,15.30,0.10,1,Male,31,0.02,0.31,0.46
15.30,15.40,0.10,1,Male,32,0.00,0.86,0.44
15.40,15.50,0.10,1,Male,28,0.00,0.97,0.43
15.50,15.60,0.10,1,Male,29,0.00,0.58,0.45
15.60,15.70,0.10,1,Male,25,0.00,0.62,0.45
15.70,15.80,0.10,1,Male,26,0.00,0.04,0.45
15.80,15.90,0.10,1,Male,24,0.00,0.01,0.46
15.90,16.00,0.10,1,Male,26,0.00,0.27,0.46
16.00,16.10,0.10,1,Male,28,0.05,0.82,0.41
16.10,16.20,0.10,1,Male,31,0.49,0.50,0.39
16.20,16.30,0.10,1,Male,32,0.75,0.25,0.41
16.30,16.40,0.10,1,Male,30,0.11,0.89,0.43
16.40,16.50,0.10,1,Male,30,0.00,0.99,0.46
16.50,16.60,0.10,1,Male,31,0.00,0.02,0.46
16.60,16.70,0.10,1,Male,35,0.00,0.97,0.46
16.70,16.80,0.10,1,Male,35,0.00,0.18,0.47
16.80,16.90,0.10,1,Male,35,0.01,0.84,0.45
16.90,17.00,0.10,1,Male,36,0.00,0.19,0.41
17.00,17.10,0.10,1,Male,40,0.00,0.70,0.43
17.10,17.20,0.10,1,Male,33,0.00,0.07,0.46
17.20,17.30,0.10,1,Male,29,0.00,0.79,0.48
17.30,17.40,0.10,1,Male,32,0.00,0.95,0.45
17.40,17.50,0.10,1,Male,30,0.00,0.97,0.43
17.50,17.60,0.10,1,Male,34,0.00,0.94,0.42
17.60,17.70,0.10,1,Male,35,0.02,0.82,0.41
17.70,17.80,0.10,1,Male,28,0.00,0.10,0.47
17.80,17.90,0.10,1,Male,29,0.00,0.02,0.45
17.90,18.00,0.10,1,Male,39,0.00,0.00,0.38
18.00,18.10,0.10,1,Male,34,0.00,0.01,0.43
18.10,18.20,0.10,1,Male,34,0.00,0.03,0.44
18.20,18.30,0.10,1,Male,37,0.00,0.91,0.44
18.30,18.40,0.10,1,Male,38,0.00,0.99,0.40
18.40,18.50,0.10,1,Male,42,0.00,0.71,0.39
18.50,18.60,0.10,1,Male,41,0.00,0.00,0.37
18.60,18.70,0.10,1,Male,35,0.00,0.01,0.42
18.70,18.80,0.10,1,Male,34,0.00,0.01,0.43
18.80,18.90,0.10,1,Male,30,0.00,0.01,0.43
18.90,19.00,0.10,1,Male,33,0.00,0.05,0.43
19.00,19.10,0.10,1,Male,33,0.00,0.53,0.44
19.10,19.20,0.10,1,Male,30,0.00,0.65,0.46
19.20,19.30,0.10,1,Male,30,0.00,0.36,0.46
19.30,19.40,0.10,1,Male,29,0.00,0.44,0.47
19.40,19.50,0.10,1,Male,31,0.01,0.94,0.45
19.50,19.60,0.10,1,Male,32,0.06,0.91,0.44
19.60,19.70,0.10,1,Male,34,0.00,1.00,0.45
19.70,19.80,0.10,1,Male,32,0.00,0.31,0.46
19.80,19.90,0.10,1,Male,29,0.00,0.21,0.46
19.90,20.00,0.10,1,Male,33,0.00,0.85,0.48
20.00,20.10,0.10,1,Male,37,0.00,0.00,0.41
20.10,20.20,0.10,1,Male,40,0.00,0.01,0.44
20.20,20.30,0.10,1,Male,34,0.00,0.16,0.49
20.30,20.40,0.10,1,Male,32,0.00,0.01,0.47
20.40,20.50,0.10,1,Male,28,0.00,0.00,0.47
20.50,20.60,0.10,1,Male,29,0.00,0.01,0.48
20.60,20.70,0.10,1,Male,33,0.00,0.01,0.51
20.70,20.80,0.10,1,Male,40,0.00,0.01,0.41
20.80,20.90,0.10,1,Male,29,0.00,0.61,0.52
20.90,21.00,0.10,1,Male,36,0.00,0.08,0.43
21.00,21.10,0.10,1,Male,33,0.00,1.00,0.44
21.10,21.20,0.10,1,Male,32,0.00,0.71,0.48
21.20,21.30,0.10,1,Male,29,0.00,0.05,0.47
21.30,21.40,0.10,1,Male,37,0.00,0.99,0.43
21.40,21.50,0.10,1,Male,36,0.01,0.75,0.43
21.50,21.60,0.10,1,Male,38,0.00,0.98,0.47
21.60,21.70,0.10,1,Male,34,0.00,0.72,0.48
21.70,21.80,0.10,1,Male,32,0.00,0.98,0.46
21.80,21.90,0.10,1,Male,38,0.00,0.99,0.42
21.90,22.00,0.10,1,Male,38,0.15,0.78,0.40
22.00,22.10,0.10,1,Male,37,0.04,0.29,0.40
22.10,22.20,0.10,1,Male,33,0.17,0.31,0.43
22.20,22.30,0.10,1,Male,34,0.01,0.82,0.39
22.30,22.40,0.10,1,Male,34,0.02,0.97,0.42
22.40,22.50,0.10,1,Male,33,0.02,0.98,0.42
22.50,22.60,0.10,1,Male,31,0.01,0.99,0.43
22.60,22.70,0.10,1,Male,36,0.00,0.38,0.41
22.70,22.80,0.10,1,Male,32,0.00,0.47,0.45
22.80,22.90,0.10,1,Male,31,0.00,0.80,0.48
22.90,23.00,0.10,1,Male,31,0.00,0.93,0.48
23.00,23.10,0.10,1,Male,33,0.00,0.93,0.45
23.10,23.20,0.10,1,Male,38,0.00,0.98,0.45
23.20,23.30,0.10,1,Male,36,0.00,0.99,0.42
23.30,23.40,0.10,1,Male,33,0.00,0.93,0.47
23.40,23.50,0.10,1,Male,34,0.00,0.87,0.45
23.50,23.60,0.10,1,Male,34,0.00,0.91,0.43
23.60,23.70,0.10,1,Male,37,0.00,0.79,0.44
23.70,23.80,0.10,1,Male,36,0.00,0.79,0.45
23.80,23.90,0.10,1,Male,36,0.00,0.99,0.46
23.90,24.00,0.10,1,Male,35,0.00,0.22,0.42
24.00,24.10,0.10,1,Male,32,0.00,0.99,0.49
24.10,24.20,0.10,1,Male,32,0.00,1.00,0.49
24.20,24.30,0.10,1,Male,29,0.00,1.00,0.48
24.30,24.40,0.10,1,Male,32,0.00,1.00,0.49
24.40,24.50,0.10,1,Male,32,0.00,0.98,0.47
24.50,24.60,0.10,1,Male,36,0.00,0.95,0.40
24.60,24.70,0.10,1,Male,34,0.00,0.98,0.45
24.70,24.80,0.10,1,Male,33,0.00,0.30,0.46
24.80,24.90,0.10,1,Male,33,0.05,0.74,0.40
24.90,25.00,0.10,1,Male,31,0.00,0.01,0.46
25.00,25.10,0.10,1,Male,32,0.00,0.11,0.47
25.10,25.20,0.10,1,Male,29,0.00,0.55,0.47
25.20,25.30,0.10,1,Male,30,0.00,0.16,0.45
25.30,25.40,0.10,1,Male,32,0.00,0.01,0.45
25.40,25.50,0.10,1,Male,31,0.00,0.90,0.44
25.50,25.60,0.10,1,Male,34,0.00,0.03,0.46
25.60,25.70,0.10,1,Male,33,0.00,0.07,0.46
25.70,25.80,0.10,1,Male,27,0.00,0.08,0.48
25.80,25.90,0.10,1,Male,29,0.00,0.01,0.47
25.90,26.00,0.10,1,Male,28,0.00,0.00,0.45
26.00,26.10,0.10,1,Male,26,0.00,0.02,0.45
26.10,26.20,0.10,1,Male,26,0.00,0.17,0.45
26.20,26.30,0.10,1,Male,25,0.00,0.09,0.45
26.30,26.40,0.10,1,Male,25,0.00,0.19,0.47
26.40,26.50,0.10,1,Male,30,0.00,0.02,0.44
26.50,26.60,0.10,1,Male,29,0.00,0.94,0.45
26.60,26.70,0.10,1,Male,36,0.00,0.00,0.36
26.70,26.80,0.10,1,Male,32,0.00,0.15,0.42
26.80,26.90,0.10,1,Male,30,0.01,0.17,0.43
26.90,27.00,0.10,1,Male,27,0.14,0.48,0.40
27.00,27.10,0.10,1,Male,30,0.00,0.96,0.41
27.10,27.20,0.10,1,Male,34,0.00,0.99,0.38
27.20,27.30,0.10,1,Male,37,0.00,0.00,0.39
27.30,27.40,0.10,1,Male,36,0.00,0.00,0.39
27.40,27.50,0.10,1,Male,31,0.00,0.02,0.40
27.50,27.60,0.10,1,Male,30,0.00,0.28,0.41
27.60,27.70,0.10,1,Male,34,0.00,0.06,0.40
27.70,27.80,0.10,1,Male,31,0.00,0.35,0.42
27.80,27.90,0.10,1,Male,29,0.00,0.08,0.45
27.90,28.00,0.10,1,Male,29,0.00,0.56,0.44
28.00,28.10,0.10,1,Male,34,0.00,0.06,0.45
28.10,28.20,0.10,1,Male,35,0.07,0.90,0.43
28.20,28.30,0.10,1,Male,33,0.04,0.95,0.42
28.30,28.40,0.10,1,Male,32,0.00,0.99,0.44
28.40,28.50,0.10,1,Male,34,0.01,0.98,0.41
28.50,28.60,0.10,1,Male,36,0.01,0.99,0.42
28.60,28.70,0.10,1,Male,33,0.01,0.96,0.42
28.70,28.80,0.10,1,Male,35,0.00,0.97,0.41
28.80,28.90,0.10,1,Male,31,0.00,0.87,0.43
28.90,29.00,0.10,1,Male,27,0.00,0.04,0.50
29.00,29.10,0.10,1,Male,27,0.00,0.01,0.48
29.10,29.20,0.10,1,Male,26,0.00,0.00,0.52
29.20,29.30,0.10,1,Male,25,0.00,0.03,0.54
29.30,29.40,0.10,1,Male,28,0.00,0.00,0.52
29.40,29.50,0.10,1,Male,33,0.00,0.00,0.47
29.50,29.60,0.10,1,Male,35,0.00,0.01,0.41
29.60,29.70,0.10,1,Male,35,0.00,0.08,0.43
29.70,29.80,0.10,1,Male,37,0.10,0.19,0.39
29.80,29.90,0.10,1,Male,32,0.24,0.02,0.41
29.90,30.00,0.10,1,Male,33,0.01,0.36,0.48
30.00,30.10,0.10,1,Male,34,0.00,0.23,0.51
30.10,30.20,0.10,1,Male,32,0.00,0.42,0.51
30.20,30.30,0.10,1,Male,32,0.00,0.86,0.53
30.30,30.40,0.10,1,Male,34,0.00,0.93,0.52
30.40,30.50,0.10,1,Male,40,0.00,0.06,0.43
30.50,30.60,0.10,1,Male,42,0.00,0.19,0.42
30.60,30.70,0.10,1,Male,36,0.00,1.00,0.48
30.70,30.80,0.10,1,Male,28,0.00,0.71,0.50
30.80,30.90,0.10,1,Male,31,0.00,0.02,0.47
30.90,31.00,0.10,1,Male,34,0.00,0.95,0.46
31.00,31.10,0.10,1,Male,28,0.00,0.14,0.45
31.10,31.20,0.10,1,Male,30,0.04,0.19,0.42
31.20,31.30,0.10,1,Male,33,0.00,0.23,0.41
31.30,31.40,0.10,1,Male,33,0.00,0.26,0.43
31.40,31.50,0.10,1,Male,30,0.00,0.49,0.46
31.50,31.60,0.10,1,Male,30,0.02,0.57,0.47
31.60,31.70,0.10,1,Male,34,0.01,0.40,0.46
31.70,31.80,0.10,1,Male,30,0.01,0.21,0.43
31.80,31.90,0.10,1,Male,29,0.00,0.52,0.49
31.90,32.00,0.10,1,Male,34,0.00,0.05,0.47
32.00,32.10,0.10,1,Male,30,0.00,0.05,0.46
32.10,32.20,0.10,1,Male,25,0.00,0.02,0.47
32.20,32.30,0.10,1,Male,28,0.00,0.13,0.44
32.30,32.40,0.10,1,Male,34,0.05,0.88,0.41
32.40,32.50,0.10,1,Male,32,0.04,0.95,0.43
32.50,32.60,0.10,1,Male,33,0.28,0.54,0.40
32.60,32.70,0.10,1,Male,36,0.02,0.86,0.44
32.70,32.80,0.10,1,Male,35,0.00,0.04,0.42
32.80,32.90,0.10,1,Male,33,0.01,0.03,0.42
32.90,33.00,0.10,1,Male,29,0.00,0.35,0.46
33.00,33.10,0.10,1,Male,29,0.00,0.69,0.45
33.10,33.20,0.10,1,Male,30,0.00,0.92,0.43
33.20,33.30,0.10,1,Male,31,0.01,0.82,0.45
33.30,33.40,0.10,1,Male,31,0.01,0.43,0.46
33.40,33.50,0.10,1,Male,31,0.01,0.44,0.48
33.50,33.60,0.10,1,Male,29,0.00,0.09,0.44
33.60,33.70,0.10,1,Male,28,0.00,0.10,0.43
33.70,33.80,0.10,1,Male,31,0.00,0.00,0.40
33.80,33.90,0.10,1,Male,28,0.00,0.04,0.41
33.90,34.00,0.10,1,Male,25,0.01,0.38,0.41
34.00,34.10,0.10,1,Male,29,0.01,0.97,0.42
34.10,34.20,0.10,1,Male,28,0.00,1.00,0.40
34.20,34.30,0.10,1,Male,31,0.00,0.99,0.45
34.30,34.40,0.10,1,Male,31,0.00,0.00,0.40
34.40,34.50,0.10,1,Male,29,0.00,0.56,0.44
34.50,34.60,0.10,1,Male,32,0.00,0.99,0.49
34.60,34.70,0.10,1,Male,35,0.00,0.13,0.44
34.70,34.80,0.10,1,Male,39,0.00,0.96,0.47
34.80,34.90,0.10,1,Male,33,0.00,0.96,0.49
34.90,35.00,0.10,1,Male,33,0.00,0.96,0.49
35.00,35.10,0.10,1,Male,37,0.00,0.99,0.50
35.10,35.20,0.10,1,Male,32,0.00,1.00,0.48
35.20,35.30,0.10,1,Male,31,0.00,1.00,0.47
35.30,35.40,0.10,1,Male,29,0.00,0.67,0.48
35.40,35.50,0.10,1,Male,32,0.00,0.44,0.48
35.50,35.60,0.10,1,Male,28,0.00,0.04,0.45
35.60,35.70,0.10,1,Male,33,0.00,0.61,0.49
35.70,35.80,0.10,1,Male,31,0.00,0.14,0.49
35.80,35.90,0.10,1,Male,31,0.00,0.72,0.50
35.90,36.00,0.10,1,Male,26,0.00,0.35,0.53
36.00,36.10,0.10,1,Male,30,0.00,0.02,0.47
36.10,36.20,0.10,1,Male,30,0.00,0.00,0.50
36.20,36.30,0.10,1,Male,28,0.00,0.01,0.50
36.30,36.40,0.10,1,Male,27,0.00,0.00,0.52
36.40,36.50,0.10,1,Male,31,0.00,0.00,0.47
36.50,36.60,0.10,1,Male,33,0.00,0.15,0.47
36.60,36.70,0.10,1,Male,32,0.00,0.03,0.44
36.70,36.80,0.10,1,Male,29,0.00,0.08,0.48
36.80,36.90,0.10,1,Male,34,0.00,0.01,0.48
36.90,37.00,0.10,1,Male,29,0.00,0.11,0.49
37.00,37.10,0.10,1,Male,32,0.00,0.87,0.51
37.10,37.20,0.10,1,Male,36,0.00,0.03,0.44
37.20,37.30,0.10,1,Male,35,0.00,0.07,0.48
37.30,37.40,0.10,1,Male,33,0.00,0.52,0.50
37.40,37.50,0.10,1,Male,32,0.00,0.55,0.50
37.50,37.60,0.10,1,Male,33,0.00,0.20,0.51
37.60,37.70,0.10,1,Male,33,0.00,0.06,0.45
37.70,37.80,0.10,1,Male,30,0.00,0.03,0.49
37.80,37.90,0.10,1,Male,22,0.00,0.00,0.55
37.90,38.00,0.10,1,Male,17,0.00,0.00,0.55
38.00,38.10,0.10,1,Male,26,0.00,0.00,0.56
38.10,38.20,0.10,1,Male,30,0.00,0.00,0.51
38.20,38.30,0.10,1,Male,37,0.00,0.21,0.44
38.30,38.40,0.10,1,Male,36,0.00,0.99,0.48
38.40,38.50,0.10,1,Male,35,0.00,0.84,0.50
38.50,38.60,0.10,1,Male,34,0.00,0.00,0.48
38.60,38.70,0.10,1,Male,37,0.00,0.00,0.49
38.70,38.80,0.10,1,Male,34,0.00,0.02,0.49
38.80,38.90,0.10,1,Male,34,0.00,0.05,0.49
38.90,39.00,0.10,1,Male,32,0.00,0.01,0.51
39.00,39.10,0.10,1,Male,40,0.01,0.74,0.45
39.10,39.20,0.10,1,Male,37,0.00,0.92,0.45
39.20,39.30,0.10,1,Male,35,0.00,1.00,0.46
39.30,39.40,0.10,1,Male,35,0.00,1.00,0.47
39.40,39.50,0.10,1,Male,36,0.00,0.99,0.48
39.50,39.60,0.10,1,Male,35,0.00,0.30,0.49
39.60,39.70,0.10,1,Male,33,0.00,0.04,0.49
39.70,39.80,0.10,1,Male,35,0.00,0.05,0.46
39.80,39.90,0.10,1,Male,33,0.00,0.93,0.48
39.90,40.00,0.10,1,Male,34,0.00,0.12,0.47
40.00,40.10,0.10,1,Male,33,0.00,0.04,0.46
40.10,40.20,0.10,1,Male,32,0.00,0.02,0.46
40.20,40.30,0.10,1,Male,31,0.00,0.31,0.46
40.30,40.40,0.10,1,Male,32,0.00,0.96,0.48
40.40,40.50,0.10,1,Male,34,0.00,0.86,0.47
40.50,40.60,0.10,1,Male,29,0.00,0.99,0.46
40.60,40.70,0.10,1,Male,34,0.00,0.97,0.46
40.70,40.80,0.10,1,Male,31,0.00,0.98,0.45
40.80,40.90,0.10,1,Male,33,0.00,0.92,0.42
40.90,41.00,0.10,1,Male,35,0.07,0.63,0.39
41.00,41.10,0.10,1,Male,33,0.09,0.14,0.40
41.10,41.20,0.10,1,Male,34,0.01,0.03,0.41
41.20,41.30,0.10,1,Male,31,0.00,0.01,0.40
41.30,41.40,0.10,1,Male,36,0.00,0.07,0.43
41.40,41.50,0.10,1,Male,40,0.00,0.02,0.43
41.50,41.60,0.10,1,Male,30,0.00,0.00,0.46
41.60,41.70,0.10,1,Male,35,0.00,0.00,0.47
41.70,41.80,0.10,1,Male,30,0.00,0.00,0.52
41.80,41.90,0.10,1,Male,34,0.00,0.01,0.47
41.90,42.00,0.10,1,Male,34,0.00,0.80,0.49
42.00,42.10,0.10,1,Male,31,0.00,0.02,0.48
42.10,42.20,0.10,1,Male,34,0.00,0.39,0.50
42.20,42.30,0.10,1,Male,29,0.00,0.58,0.51
42.30,42.40,0.10,1,Male,32,0.00,0.37,0.51
42.40,42.50,0.10,1,Male,35,0.00,0.77,0.50
42.50,42.60,0.10,1,Male,36,0.01,0.47,0.42
42.60,42.70,0.10,1,Male,34,0.00,0.05,0.41
42.70,42.80,0.10,1,Male,34,0.13,0.19,0.41
42.80,42.90,0.10,1,Male,33,0.06,0.24,0.43
42.90,43.00,0.10,1,Male,32,0.00,0.98,0.41
43.00,43.10,0.10,1,Male,32,0.01,0.92,0.43
43.10,43.20,0.10,1,Male,30,0.00,0.97,0.43
43.20,43.30,0.10,1,Male,37,0.00,1.00,0.47
43.30,43.40,0.10,1,Male,42,0.00,0.01,0.44
43.40,43.50,0.10,1,Male,37,0.00,0.00,0.42
43.50,43.60,0.10,1,Male,37,0.01,0.60,0.42
43.60,43.70,0.10,1,Male,35,0.00,0.00,0.41
43.70,43.80,0.10,1,Male,37,0.02,0.94,0.40
43.80,43.90,0.10,1,Male,33,0.00,0.99,0.39
43.90,44.00,0.10,1,Male,33,0.58,0.30,0.40
44.00,44.10,0.10,1,Male,33,0.40,0.60,0.40
44.10,44.20,0.10,1,Male,33,0.00,1.00,0.39
44.20,44.30,0.10,1,Male,32,0.00,0.26,0.47
44.30,44.40,0.10,1,Male,27,0.00,0.98,0.51
44.40,44.50,0.10,1,Male,28,0.00,0.92,0.51
44.50,44.60,0.10,1,Male,28,0.00,1.00,0.49
44.60,44.70,0.10,1,Male,38,0.00,1.00,0.44
44.70,44.80,0.10,1,Male,32,0.00,0.98,0.44
44.80,44.90,0.10,1,Male,28,0.00,0.84,0.45
44.90,45.00,0.10,1,Male,26,0.00,0.63,0.48
45.00,45.10,0.10,1,Male,27,0.00,0.69,0.49
45.10,45.20,0.10,1,Male,27,0.00,0.03,0.48
45.20,45.30,0.10,1,Male,27,0.00,0.52,0.48
45.30,45.40,0.10,1,Male,32,0.00,1.00,0.42
45.40,45.50,0.10,1,Male,28,0.00,0.96,0.45
45.50,45.60,0.10,1,Male,33,0.00,0.66,0.41
45.60,45.70,0.10,1,Male,31,0.05,0.79,0.37
45.70,45.80,0.10,1,Male,28,0.01,0.99,0.43
45.80,45.90,0.10,1,Male,33,0.05,0.90,0.41
45.90,46.00,0.10,1,Male,29,0.00,0.97,0.39
46.00,46.10,0.10,1,Male,26,0.00,0.72,0.43
46.10,46.20,0.10,1,Male,26,0.00,0.25,0.46
46.20,46.30,0.10,1,Male,27,0.00,0.32,0.46
46.30,46.40,0.10,1,Male,33,0.00,0.62,0.43
46.40,46.50,0.10,1,Male,29,0.81,0.11,0.40
46.50,46.60,0.10,1,Male,35,0.89,0.11,0.39
46.60,46.70,0.10,1,Male,30,0.08,0.25,0.42
46.70,46.80,0.10,1,Male,29,0.12,0.34,0.44
46.80,46.90,0.10,1,Male,30,0.32,0.44,0.44
46.90,47.00,0.10,1,Male,38,0.07,0.64,0.43
47.00,47.10,0.10,1,Male,37,0.00,0.11,0.41
47.10,47.20,0.10,1,Male,29,0.00,0.62,0.45
47.20,47.30,0.10,1,Male,27,0.00,0.03,0.44
47.30,47.40,0.10,1,Male,30,0.00,0.83,0.43
47.40,47.50,0.10,1,Male,32,0.00,0.98,0.44
47.50,47.60,0.10,1,Male,32,0.00,1.00,0.45
47.60,47.70,0.10,1,Male,30,0.04,0.86,0.39
47.70,47.80,0.10,1,Male,30,0.02,0.96,0.42
47.80,47.90,0.10,1,Male,33,0.00,0.99,0.40
47.90,48.00,0.10,1,Male,33,0.00,0.99,0.41
48.00,48.10,0.10,1,Male,38,0.01,0.92,0.44
48.10,48.20,0.10,1,Male,35,0.00,0.32,0.46
48.20,48.30,0.10,1,Male,43,0.00,0.39,0.42
48.30,48.40,0.10,1,Male,38,0.00,0.97,0.45
48.40,48.50,0.10,1,Male,36,0.00,1.00,0.50
48.50,48.60,0.10,1,Male,32,0.00,0.62,0.53
48.60,48.70,0.10,1,Male,30,0.00,0.01,0.47
48.70,48.80,0.10,1,Male,33,0.00,0.02,0.49
48.80,48.90,0.10,1,Male,36,0.00,0.00,0.44
48.90,49.00,0.10,1,Male,35,0.00,0.14,0.43
49.00,49.10,0.10,1,Male,34,0.02,0.33,0.46
49.10,49.20,0.10,1,Male,35,0.00,0.85,0.47
49.20,49.30,0.10,1,Male,36,0.00,1.00,0.48
49.30,49.40,0.10,1,Male,35,0.00,0.98,0.52
49.40,49.50,0.10,1,Male,34,0.00,0.73,0.50
49.50,49.60,0.10,1,Male,32,0.00,0.03,0.47
49.60,49.70,0.10,1,Male,37,0.13,0.77,0.43
49.70,49.80,0.10,1,Male,34,0.00,0.99,0.49
49.80,49.90,0.10,1,Male,31,0.00,0.00,0.49
49.90,50.00,0.10,1,Male,32,0.00,0.02,0.49
50.00,50.10,0.10,1,Male,31,0.00,0.40,0.49
50.10,50.20,0.10,1,Male,32,0.00,0.02,0.51
50.20,50.30,0.10,1,Male,28,0.00,0.18,0.53
50.30,50.40,0.10,1,Male,32,0.00,0.15,0.50
50.40,50.50,0.10,1,Male,35,0.00,0.28,0.47
50.50,50.60,0.10,1,Male,35,0.00,0.18,0.52
50.60,50.70,0.10,1,Male,35,0.00,0.00,0.50
50.70,50.80,0.10,1,Male,37,0.00,0.40,0.47
50.80,50.90,0.10,1,Male,36,0.00,0.14,0.47
50.90,51.00,0.10,1,Male,32,0.00,0.35,0.51
51.00,51.10,0.10,1,Male,28,0.00,1.00,0.49
51.10,51.20,0.10,1,Male,27,0.00,0.99,0.47
51.20,51.30,0.10,1,Male,32,0.00,0.94,0.45
51.30,51.40,0.10,1,Male,30,0.00,0.38,0.43
51.40,51.50,0.10,1,Male,29,0.00,0.02,0.45
51.50,51.60,0.10,1,Male,26,0.00,0.04,0.47
51.60,51.70,0.10,1,Male,26,0.00,0.04,0.49
51.70,51.80,0.10,1,Male,29,0.01,0.20,0.47
51.80,51.90,0.10,1,Male,29,0.01,0.05,0.39
51.90,52.00,0.10,1,Male,41,0.03,0.06,0.35
52.00,52.10,0.10,1,Male,36,0.00,0.08,0.41
52.10,52.20,0.10,1,Male,32,0.00,0.12,0.45
52.20,52.30,0.10,1,Male,33,0.00,0.07,0.45
52.30,52.40,0.10,1,Male,33,0.00,0.00,0.46
52.40,52.50,0.10,1,Male,33,0.01,0.31,0.44
52.50,52.60,0.10,1,Male,34,0.00,0.04,0.45
52.60,52.70,0.10,1,Male,35,0.00,0.01,0.45
52.70,52.80,0.10,1,Male,35,0.01,0.92,0.41
52.80,52.90,0.10,1,Male,33,0.00,0.99,0.43
52.90,53.00,0.10,1,Male,30,0.00,0.50,0.45
53.00,53.10,0.10,1,Male,31,0.00,0.47,0.47
53.10,53.20,0.10,1,Male,31,0.01,0.98,0.45
53.20,53.30,0.10,1,Male,30,0.02,0.98,0.42
53.30,53.40,0.10,1,Male,30,0.02,0.98,0.42
53.40,53.50,0.10,1,Male,31,0.05,0.94,0.41
53.50,53.60,0.10,1,Male,32,0.18,0.81,0.40
53.60,53.70,0.10,1,Male,33,0.02,0.97,0.40
53.70,53.80,0.10,1,Male,32,0.02,0.94,0.41
53.80,53.90,0.10,1,Male,24,0.00,0.34,0.48
53.90,54.00,0.10,1,Male,25,0.00,0.32,0.49
54.00,54.10,0.10,1,Male,29,0.00,0.03,0.44
54.10,54.20,0.10,1,Male,33,0.00,0.95,0.43
54.20,54.30,0.10,1,Male,30,0.00,0.99,0.42
54.30,54.40,0.10,1,Male,34,0.00,0.19,0.44
54.40,54.50,0.10,1,Male,34,0.00,0.98,0.39
54.50,54.60,0.10,1,Male,35,0.00,0.00,0.38
54.60,54.70,0.10,1,Male,35,0.00,0.52,0.42
54.70,54.80,0.10,1,Male,29,0.00,0.03,0.44
54.80,54.90,0.10,1,Male,32,0.00,0.41,0.42
54.90,55.00,0.10,1,Male,28,0.00,0.77,0.43
55.00,55.10,0.10,1,Male,28,0.00,0.19,0.45
55.10,55.20,0.10,1,Male,32,0.00,0.12,0.42
55.20,55.30,0.10,1,Male,30,0.00,0.44,0.42
55.30,55.40,0.10,1,Male,25,0.00,0.01,0.53
55.40,55.50,0.10,1,Male,34,0.00,0.00,0.45
55.50,55.60,0.10,1,Male,40,0.00,0.01,0.41
55.60,55.70,0.10,1,Male,36,0.00,0.94,0.45
55.70,55.80,0.10,1,Male,35,0.02,0.96,0.38
55.80,55.90,0.10,1,Male,29,0.00,0.83,0.42
55.90,56.00,0.10,1,Male,31,0.00,0.48,0.41
56.00,56.10,0.10,1,Male,35,0.00,0.21,0.40
56.10,56.20,0.10,1,Male,34,0.00,0.09,0.44
56.20,56.30,0.10,1,Male,32,0.00,0.10,0.45
56.30,56.40,0.10,1,Male,33,0.12,0.23,0.38
56.40,56.50,0.10,1,Male,31,0.08,0.44,0.38
56.50,56.60,0.10,1,Male,33,0.00,0.26,0.42
56.60,56.70,0.10,1,Male,29,0.00,0.01,0.44
56.70,56.80,0.10,1,Male,27,0.00,0.03,0.44
56.80,56.90,0.10,1,Male,30,0.00,0.12,0.43
56.90,57.00,0.10,1,Male,26,0.00,0.23,0.45
57.00,57.10,0.10,1,Male,33,0.00,0.18,0.45
57.10,57.20,0.10,1,Male,29,0.00,0.98,0.45
57.20,57.30,0.10,1,Male,27,0.00,0.85,0.48
57.30,57.40,0.10,1,Male,28,0.00,0.00,0.49
57.40,57.50,0.10,1,Male,29,0.00,0.67,0.48
57.50,57.60,0.10,1,Male,34,0.00,0.12,0.46
57.60,57.70,0.10,1,Male,30,0.00,0.13,0.46
57.70,57.80,0.10,1,Male,29,0.00,0.99,0.47
57.80,57.90,0.10,1,Male,31,0.00,0.83,0.49
57.90,58.00,0.10,1,Male,32,0.00,0.03,0.48
58.00,58.10,0.10,1,Male,35,0.01,0.38,0.45
58.10,58.20,0.10,1,Male,35,0.00,0.11,0.41
58.20,58.30,0.10,1,Male,32,0.02,0.78,0.39
58.30,58.40,0.10,1,Male,34,0.00,0.83,0.38
58.40,58.50,0.10,1,Male,36,0.04,0.09,0.37
58.50,58.60,0.10,1,Male,35,0.02,0.53,0.42
58.60,58.70,0.10,1,Male,36,0.00,0.26,0.41
58.70,58.80,0.10,1,Male,34,0.05,0.86,0.42
58.80,58.90,0.10,1,Male,36,0.00,0.02,0.41
58.90,59.00,0.10,1,Male,33,0.00,0.01,0.41
59.00,59.10,0.10,1,Male,31,0.00,0.08,0.44
59.10,59.20,0.10,1,Male,30,0.00,0.22,0.44
59.20,59.30,0.10,1,Male,35,0.00,0.06,0.45
59.30,59.40,0.10,1,Male,32,0.01,0.98,0.43
59.40,59.50,0.10,1,Male,35,0.00,0.99,0.46
59.50,59.60,0.10,1,Male,40,0.01,0.52,0.45
59.60,59.70,0.10,1,Male,31,0.00,0.00,0.46
59.70,59.80,0.10,1,Male,30,0.02,0.12,0.44
59.80,59.90,0.10,1,Male,34,0.00,1.00,0.44
59.90,60.00,0.10,1,Male,37,0.00,0.40,0.41
60.00,60.10,0.10,1,Male,33,0.00,0.29,0.43
60.10,60.20,0.10,1,Male,38,0.05,0.77,0.41
60.20,60.30,0.10,1,Male,32,0.00,0.43,0.44
60.30,60.40,0.10,1,Male,30,0.00,0.44,0.48
60.40,60.50,0.10,1,Male,30,0.00,0.51,0.48
60.50,60.60,0.10,1,Male,33,0.00,0.83,0.49
60.60,60.70,0.10,1,Male,30,0.00,0.03,0.48
60.70,60.80,0.10,1,Male,32,0.00,0.77,0.45
60.80,60.90,0.10,1,Male,29,0.01,0.29,0.41
60.90,61.00,0.10,1,Male,30,0.00,0.07,0.45
61.00,61.10,0.10,1,Male,34,0.00,0.92,0.42
61.10,61.20,0.10,1,Male,36,0.02,0.55,0.40
61.20,61.30,0.10,1,Male,31,0.00,0.03,0.46
61.30,61.40,0.10,1,Male,32,0.00,0.52,0.47
61.40,61.50,0.10,1,Male,30,0.00,0.77,0.47
61.50,61.60,0.10,1,Male,33,0.00,0.15,0.46
61.60,61.70,0.10,1,Male,29,0.00,0.83,0.48
61.70,61.80,0.10,1,Male,29,0.00,0.17,0.49
61.80,61.90,0.10,1,Male,33,0.00,0.02,0.47
61.90,62.00,0.10,1,Male,32,0.00,0.00,0.49
62.00,62.10,0.10,1,Male,29,0.00,0.04,0.48
62.10,62.20,0.10,1,Male,27,0.00,0.01,0.48
62.20,62.30,0.10,1,Male,29,0.00,0.01,0.48
62.30,62.40,0.10,1,Male,27,0.00,0.15,0.46
62.40,62.50,0.10,1,Male,33,0.00,0.95,0.45
62.50,62.60,0.10,1,Male,34,0.00,0.40,0.46
62.60,62.70,0.10,1,Male,37,0.00,0.10,0.43
62.70,62.80,0.10,1,Male,33,0.00,0.15,0.46
62.80,62.90,0.10,1,Male,42,0.00,0.04,0.44
62.90,63.00,0.10,1,Male,37,0.00,0.13,0.40
63.00,63.10,0.10,1,Male,34,0.00,0.07,0.40
63.10,63.20,0.10,1,Male,36,0.01,0.23,0.40
63.20,63.30,0.10,1,Male,32,0.14,0.70,0.41
63.30,63.40,0.10,1,Male,34,0.00,0.99,0.42
63.40,63.50,0.10,1,Male,34,0.00,1.00,0.41
63.50,63.60,0.10,1,Male,34,0.00,0.79,0.45
63.60,63.70,0.10,1,Male,30,0.00,0.79,0.45
63.70,63.80,0.10,1,Male,33,0.00,0.92,0.47
63.80,63.90,0.10,1,Male,32,0.00,0.95,0.47
63.90,64.00,0.10,1,Male,32,0.00,0.97,0.45
64.00,64.10,0.10,1,Male,27,0.00,0.97,0.45
64.10,64.20,0.10,1,Male,32,0.00,0.21,0.46
64.20,64.30,0.10,1,Male,30,0.00,0.70,0.46
64.30,64.40,0.10,1,Male,30,0.00,0.26,0.45
64.40,64.50,0.10,1,Male,29,0.00,0.05,0.48
64.50,64.60,0.10,1,Male,30,0.00,0.74,0.48
64.60,64.70,0.10,1,Male,31,0.01,0.79,0.46
64.70,64.80,0.10,1,Male,30,0.01,0.79,0.45
64.80,64.90,0.10,1,Male,28,0.00,0.04,0.48
64.90,65.00,0.10,1,Male,29,0.00,0.02,0.47
65.00,65.10,0.10,1,Male,27,0.00,0.92,0.49
65.10,65.20,0.10,1,Male,31,0.00,0.05,0.50
65.20,65.30,0.10,1,Male,32,0.00,0.62,0.46
65.30,65.40,0.10,1,Male,26,0.00,0.23,0.47
65.40,65.50,0.10,1,Male,30,0.00,0.06,0.48
65.50,65.60,0.10,1,Male,27,0.00,0.64,0.48
65.60,65.70,0.10,1,Male,28,0.00,0.01,0.49
65.70,65.80,0.10,1,Male,35,0.05,0.16,0.47
65.80,65.90,0.10,1,Male,33,0.01,0.84,0.47
65.90,66.00,0.10,1,Male,29,0.00,0.29,0.46
66.00,66.10,0.10,1,Male,29,0.00,0.05,0.48
66.10,66.20,0.10,1,Male,28,0.00,0.26,0.49
66.20,66.30,0.10,1,Male,34,0.00,0.01,0.47
66.30,66.40,0.10,1,Male,33,0.01,0.41,0.48
66.40,66.50,0.10,1,Male,37,0.00,0.03,0.45
66.50,66.60,0.10,1,Male,32,0.13,0.82,0.41
66.60,66.70,0.10,1,Male,32,0.04,0.83,0.42
66.70,66.80,0.10,1,Male,31,0.01,0.95,0.43
66.80,66.90,0.10,1,Male,35,0.14,0.53,0.38
66.90,67.00,0.10,1,Male,29,0.22,0.22,0.38
67.00,67.10,0.10,1,Male,34,0.25,0.59,0.41
67.10,67.20,0.10,1,Male,33,0.00,0.00,0.43
67.20,67.30,0.10,1,Male,36,0.00,0.59,0.43
67.30,67.40,0.10,1,Male,30,0.00,0.92,0.44
67.40,67.50,0.10,1,Male,29,0.00,0.96,0.42
67.50,67.60,0.10,1,Male,33,0.00,0.95,0.43
67.60,67.70,0.10,1,Male,31,0.01,0.57,0.38
67.70,67.80,0.10,1,Male,33,0.01,0.05,0.44
67.80,67.90,0.10,1,Male,27,0.00,0.02,0.49
67.90,68.00,0.10,1,Male,28,0.00,0.07,0.48
68.00,68.10,0.10,1,Male,29,0.00,0.55,0.48
68.10,68.20,0.10,1,Male,31,0.00,0.24,0.52
68.20,68.30,0.10,1,Male,30,0.00,0.18,0.51
68.30,68.40,0.10,1,Male,28,0.00,0.33,0.51
68.40,68.50,0.10,1,Male,28,0.00,0.70,0.50
68.50,68.60,0.10,1,Male,28,0.00,0.79,0.49
68.60,68.70,0.10,1,Male,27,0.00,0.91,0.46
68.70,68.80,0.10,1,Male,27,0.00,0.98,0.48
68.80,68.90,0.10,1,Male,30,0.00,0.18,0.49
68.90,69.00,0.10,1,Male,29,0.00,0.97,0.48
69.00,69.10,0.10,1,Male,30,0.00,0.30,0.46
69.10,69.20,0.10,1,Male,27,0.00,0.00,0.45
69.20,69.30,0.10,1,Male,30,0.00,0.03,0.44
69.30,69.40,0.10,1,Male,31,0.00,0.03,0.44
69.40,69.50,0.10,1,Male,31,0.00,0.00,0.44
69.50,69.60,0.10,1,Male,30,0.00,0.00,0.45
69.60,69.70,0.10,1,Male,30,0.00,0.00,0.45
69.70,69.80,0.10,1,Male,31,0.00,0.04,0.45
69.80,69.90,0.10,1,Male,31,0.00,0.01,0.45
69.90,70.00,0.10,1,Male,30,0.00,0.01,0.45
70.00,70.10,0.10,1,Male,32,0.00,0.00,0.46
70.10,70.12,0.02,1,Male,32,0.00,0.00,0.46
